INSERT INTO CONF_BALANZA(COD_BALANZA, TAM_TRAMA, CAR_INI_TRA, CAR_EST_BAL, POS_INI_CEB, POS_FIN_CEB, POS_INI_PESO_ST, POS_FIN_PESO_ST, POS_INI_PESO_CT, POS_FIN_PESO_CT, ESTADO, BAL_DEFAULT,POS_DEC) VALUES('METTLER_TOLEDO', 16, '¬', '0', 2, 3, 5, 10, 11, 16, 'A', 'S',0);
INSERT INTO CONF_BALANZA(COD_BALANZA, TAM_TRAMA, CAR_INI_TRA, CAR_EST_BAL, POS_INI_CEB, POS_FIN_CEB, POS_INI_PESO_ST, POS_FIN_PESO_ST, POS_INI_PESO_CT, POS_FIN_PESO_CT, ESTADO, BAL_DEFAULT,POS_DEC) VALUES('RICE_LAKE', 12, ' ', ' ', 11, 12, 2, 9, 2, 9, 'A', 'N',0);
INSERT INTO CONF_BALANZA(COD_BALANZA, TAM_TRAMA, CAR_INI_TRA, CAR_EST_BAL, POS_INI_CEB, POS_FIN_CEB, POS_INI_PESO_ST, POS_FIN_PESO_ST, POS_INI_PESO_CT, POS_FIN_PESO_CT, ESTADO, BAL_DEFAULT,POS_DEC) VALUES('RICE_LAKE1', 12, '-', ' ', 11, 12, 2, 9, 2, 9, 'A', 'N',0);
INSERT INTO PARAMETROS(CODIGO,VALOR) VALUES('LICENCIA', '1UNgmkXchJfv5zSIbbvSEg==');
INSERT INTO PARAMETROS(CODIGO,VALOR) VALUES('SEC_TICKET', '1');
INSERT INTO PARAMETROS(CODIGO,VALOR) VALUES('LAR_TICKET', '6');
INSERT INTO PARAMETROS(CODIGO,VALOR) VALUES('ID_LOC', '001');
INSERT INTO PARAMETROS(CODIGO,VALOR) VALUES('CLA_ADM', 'p5FUN6wmKJO9heno5ZfEbg==');
INSERT INTO PARAMETROS(CODIGO,VALOR) VALUES('CLA_USU', 'p5FUN6wmKJO9heno5ZfEbg==');
INSERT INTO GRUPO(CODGRUPO,DESGRUPO,ESTADO,EDITABLE) VALUES(1, 'EMPRESA','A','N');
INSERT INTO GRUPO(CODGRUPO,DESGRUPO,ESTADO,EDITABLE) VALUES(3, 'TIPO_GRANO','A','N');
INSERT INTO GRUPO(CODGRUPO,DESGRUPO,ESTADO,EDITABLE) VALUES(4, 'TIPO_DOCUMENTO','A','N');
INSERT INTO GRUPO(CODGRUPO,DESGRUPO,ESTADO,EDITABLE) VALUES(5, 'CIUDAD','A','N');
INSERT INTO DETALLE_GRUPO(CODGRUPO,VALOR,VALOR_DEFECTO,ESTADO) VALUES(1, 'CAFETALERA AMAZONICA','S','A');
INSERT INTO TIPO_SACO(TIPO_SACO,PESO,ES_NEGATIVO,ESTADO) VALUES('YUTE', '0.2','N','A');
INSERT INTO TIPO_SACO(TIPO_SACO,PESO,ES_NEGATIVO,ESTADO) VALUES('POLIETILENO', '0.7','N','A');
INSERT INTO TIPO_SACO(TIPO_SACO,PESO,ES_NEGATIVO,ESTADO) VALUES('PALETA(S)', '-1','S','A');
INSERT INTO TIPO_SACO(TIPO_SACO,PESO,ES_NEGATIVO,ESTADO) VALUES('PARIHUELA(S)', '-1','S','A');
INSERT INTO TIPO_SACO(TIPO_SACO,PESO,ES_NEGATIVO,ESTADO) VALUES('CAMION', '-1','S','A');
INSERT INTO DINAMIC_CONTROLS(TIPO_OBJETO,DESC_OBJETO) VALUES('INPUT_ALFANUMERICO', 'Alfanumerico');
INSERT INTO DINAMIC_CONTROLS(TIPO_OBJETO,DESC_OBJETO) VALUES('INPUT_NUMERICO', 'Numerico');
INSERT INTO DINAMIC_CONTROLS(TIPO_OBJETO,DESC_OBJETO) VALUES('DROPDOWN_LIST', 'Lista Desplegable');
INSERT INTO DINAMIC_CONTROLS(TIPO_OBJETO,DESC_OBJETO) VALUES('DATE', 'Fecha');
INSERT INTO DINAMIC_CONTROLS(TIPO_OBJETO,DESC_OBJETO) VALUES('CHECKBOX', 'Checkbox');
INSERT INTO DINAMIC_CONTROLS(TIPO_OBJETO,DESC_OBJETO) VALUES('RADIO_BUTTON', 'Radio Button');
INSERT INTO DINAMIC_CONTROLS(TIPO_OBJETO,DESC_OBJETO) VALUES('TICKER_HOUR', 'Hora');
INSERT INTO DINAMIC_CONTROLS(TIPO_OBJETO,DESC_OBJETO) VALUES('PERCENTAGE', 'Porcentaje');
INSERT INTO DINAMIC_CONTROLS(TIPO_OBJETO,DESC_OBJETO) VALUES('DNI', 'DNI');
INSERT INTO CONFIG_CALIDAD(TIPO_GRANO,ID_CAMPO,LABEL,TIPO,COD_GRUPO,OBLIGATORIO,ESTADO,LABEL_ETIQUETA,IMPRESION) VALUES('CACAO', 1,'DNI Analista','INPUT_ALFANUMERICO',0,'S','A','DNI ANA.:','S');
INSERT INTO CONFIG_CALIDAD(TIPO_GRANO,ID_CAMPO,LABEL,TIPO,COD_GRUPO,OBLIGATORIO,ESTADO,LABEL_ETIQUETA,IMPRESION) VALUES('CACAO', 2,'Muestra','INPUT_NUMERICO',0,'S','A','MSTA.:','S');
INSERT INTO CONFIG_CALIDAD(TIPO_GRANO,ID_CAMPO,LABEL,TIPO,COD_GRUPO,OBLIGATORIO,ESTADO,LABEL_ETIQUETA,IMPRESION) VALUES('CACAO', 3,'Humedad','PERCENTAGE',0,'S','A','HUM.:','S');
INSERT INTO CONFIG_CALIDAD(TIPO_GRANO,ID_CAMPO,LABEL,TIPO,COD_GRUPO,OBLIGATORIO,ESTADO,LABEL_ETIQUETA,IMPRESION) VALUES('CACAO', 5,'Hongos','PERCENTAGE',0,'S','A','HON.:','S');
INSERT INTO CONFIG_CALIDAD(TIPO_GRANO,ID_CAMPO,LABEL,TIPO,COD_GRUPO,OBLIGATORIO,ESTADO,LABEL_ETIQUETA,IMPRESION) VALUES('CACAO', 6,'Zaranda','PERCENTAGE',0,'S','A','ZAR.:','S');
INSERT INTO CONFIG_CALIDAD(TIPO_GRANO,ID_CAMPO,LABEL,TIPO,COD_GRUPO,OBLIGATORIO,ESTADO,LABEL_ETIQUETA,IMPRESION) VALUES('CACAO', 7,'Residuos','PERCENTAGE',0,'S','A','RES.:','S');
INSERT INTO CONFIG_CALIDAD(TIPO_GRANO,ID_CAMPO,LABEL,TIPO,COD_GRUPO,OBLIGATORIO,ESTADO,LABEL_ETIQUETA,IMPRESION) VALUES('CACAO', 8,'Rendimiento','PERCENTAGE',0,'S','A','REN.:','S');
INSERT INTO CONFIG_CALIDAD(TIPO_GRANO,ID_CAMPO,LABEL,TIPO,COD_GRUPO,OBLIGATORIO,ESTADO,LABEL_ETIQUETA,IMPRESION) VALUES('CACAO', 9,'Fermentacion','PERCENTAGE',0,'S','A','FER.:','S');
INSERT INTO CONFIG_CALIDAD(TIPO_GRANO,ID_CAMPO,LABEL,TIPO,COD_GRUPO,OBLIGATORIO,ESTADO,LABEL_ETIQUETA,IMPRESION) VALUES('CAFE', 1,'DNI Analista','INPUT_ALFANUMERICO',0,'S','A','DNI ANA.:','S');
INSERT INTO CONFIG_CALIDAD(TIPO_GRANO,ID_CAMPO,LABEL,TIPO,COD_GRUPO,OBLIGATORIO,ESTADO,LABEL_ETIQUETA,IMPRESION) VALUES('CAFE', 2,'Muestra','INPUT_NUMERICO',0,'S','A','MSTA.:','S');
INSERT INTO CONFIG_CALIDAD(TIPO_GRANO,ID_CAMPO,LABEL,TIPO,COD_GRUPO,OBLIGATORIO,ESTADO,LABEL_ETIQUETA,IMPRESION) VALUES('CAFE', 3,'Humedad','PERCENTAGE',0,'S','A','HUM.:','S');
INSERT INTO CONFIG_CALIDAD(TIPO_GRANO,ID_CAMPO,LABEL,TIPO,COD_GRUPO,OBLIGATORIO,ESTADO,LABEL_ETIQUETA,IMPRESION) VALUES('CAFE', 5,'Hongos','PERCENTAGE',0,'S','A','HON.:','S');
INSERT INTO CONFIG_CALIDAD(TIPO_GRANO,ID_CAMPO,LABEL,TIPO,COD_GRUPO,OBLIGATORIO,ESTADO,LABEL_ETIQUETA,IMPRESION) VALUES('CAFE', 6,'Zaranda','PERCENTAGE',0,'S','A','ZAR.:','S');
INSERT INTO CONFIG_CALIDAD(TIPO_GRANO,ID_CAMPO,LABEL,TIPO,COD_GRUPO,OBLIGATORIO,ESTADO,LABEL_ETIQUETA,IMPRESION) VALUES('CAFE', 7,'Residuos','PERCENTAGE',0,'S','A','RES.:','S');
INSERT INTO CONFIG_CALIDAD(TIPO_GRANO,ID_CAMPO,LABEL,TIPO,COD_GRUPO,OBLIGATORIO,ESTADO,LABEL_ETIQUETA,IMPRESION) VALUES('CAFE', 8,'Rendimiento','PERCENTAGE',0,'S','A','REN.:','S');
INSERT INTO CONFIG_CALIDAD(TIPO_GRANO,ID_CAMPO,LABEL,TIPO,COD_GRUPO,OBLIGATORIO,ESTADO,LABEL_ETIQUETA,IMPRESION) VALUES('CAFE', 9,'Fermentacion','PERCENTAGE',0,'S','A','FER.:','S');

ALTER TABLE NOTA_PESO ADD COLUMN ID_CENTRAL VARCHAR(20);
ALTER TABLE TIPO_SACO ADD COLUMN ES_NEGATIVO VARCHAR(1) DEFAULT 'N';